ítem,Descripción,Unidad,RCMI 110 10,RCMI 110 10 CS,RCMI 110 10 CD,RCMI 110 20,RCMI 110 20 CS,RCMI 110 20 CD,RCMI 110 30,RCMI 110 30 CS,RCMI 110 30 CD,RCMI 48 10,RCMI 48 10 CS,RCMI 48 10 CD,RCMI 48 20,RCMI 48 20 CS,RCMI 48 20 CD,RCMI 48 30,RCMI 48 30 CS,RCMI 48 30 CD,RCMI 24 10,RCMI 24 10 CS,RCMI 24 10 CD,RCMI 24 20,RCMI 24 20 CS,RCMI 24 20 CD,RCMI 24 30,RCMI 24 30 CS,RCMI 24 30 CD
1,Generales,,,,,,,,,,,,,,,,,,,,,,,,,,,,
1.1,Código de Producto,-,RCMI-110-10,RCMI-110-10-CS,RCMI-110-10-CD,RCMI-110-20,RCMI-110-20-CS,RCMI-110-20-CD,RCMI-110-30,RCMI-110-30-CS,RCMI-110-30-CD,RCMI-48-10,RCMI-48-10-CS,RCMI-48-10-CD,RCMI-48-20,RCMI-48-20-CS,RCMI-48-20-CD,RCMI-48-30,RCMI-48-30-CS,RCMI-48-30-CD,RCMI-24-10,RCMI-24-10-CS,RCMI-24-10-CD,RCMI-24-20,RCMI-24-20-CS,RCMI-24-20-CD,RCMI-24-30,RCMI-24-30-CS,RCMI-24-30-CD
1.2,Marca,-,SERVELEC,SERVELEC,SERVELEC,SERVELEC,SERVELEC,SERVELEC,SERVELEC,SERVELEC,SERVELEC,SERVELEC,SERVELEC,SERVELEC,SERVELEC,SERVELEC,SERVELEC,SERVELEC,SERVELEC,SERVELEC,SERVELEC,SERVELEC,SERVELEC,SERVELEC,SERVELEC,SERVELEC,SERVELEC,SERVELEC,SERVELEC
1.3,Modelo,-,RCMI-110-10,RCMI-110-10-CS,RCMI-110-10-CD,RCMI-110-20,RCMI-110-20-CS,RCMI-110-20-CD,RCMI-110-30,RCMI-110-30-CS,RCMI-110-30-CD,RCMI-48-10,RCMI-48-10-CS,RCMI-48-10-CD,RCMI-48-20,RCMI-48-20-CS,RCMI-48-20-CD,RCMI-48-30,RCMI-48-30-CS,RCMI-48-30-CD,RCMI-24-10,RCMI-24-10-CS,RCMI-24-10-CD,RCMI-24-20,RCMI-24-20-CS,RCMI-24-20-CD,RCMI-24-30,RCMI-24-30-CS,RCMI-24-30-CD
1.4,Normas de Fabricacion,-,DIN41772/73 - IEC61558 - IEC60076-11 - IEC60529 - IEC60146 - IRAM2166 - IRAM2444 - IRAM2276 - DIN-VDE 0551,DIN41772/73 - IEC61558 - IEC60076-11 - IEC60529 - IEC60146 - IRAM2166 - IRAM2444 - IRAM2276 - DIN-VDE 0551,DIN41772/73 - IEC61558 - IEC60076-11 - IEC60529 - IEC60146 - IRAM2166 - IRAM2444 - IRAM2276 - DIN-VDE 0551,DIN41772/73 - IEC61558 - IEC60076-11 - IEC60529 - IEC60146 - IRAM2166 - IRAM2444 - IRAM2276 - DIN-VDE 0551,DIN41772/73 - IEC61558 - IEC60076-11 - IEC60529 - IEC60146 - IRAM2166 - IRAM2444 - IRAM2276 - DIN-VDE 0551,DIN41772/73 - IEC61558 - IEC60076-11 - IEC60529 - IEC60146 - IRAM2166 - IRAM2444 - IRAM2276 - DIN-VDE 0551,DIN41772/73 - IEC61558 - IEC60076-11 - IEC60529 - IEC60146 - IRAM2166 - IRAM2444 - IRAM2276 - DIN-VDE 0551,DIN41772/73 - IEC61558 - IEC60076-11 - IEC60529 - IEC60146 - IRAM2166 - IRAM2444 - IRAM2276 - DIN-VDE 0551,DIN41772/73 - IEC61558 - IEC60076-11 - IEC60529 - IEC60146 - IRAM2166 - IRAM2444 - IRAM2276 - DIN-VDE 0551,DIN41772/73 - IEC61558 - IEC60076-11 - IEC60529 - IEC60146 - IRAM2166 - IRAM2444 - IRAM2276 - DIN-VDE 0551,DIN41772/73 - IEC61558 - IEC60076-11 - IEC60529 - IEC60146 - IRAM2166 - IRAM2444 - IRAM2276 - DIN-VDE 0551,DIN41772/73 - IEC61558 - IEC60076-11 - IEC60529 - IEC60146 - IRAM2166 - IRAM2444 - IRAM2276 - DIN-VDE 0551,DIN41772/73 - IEC61558 - IEC60076-11 - IEC60529 - IEC60146 - IRAM2166 - IRAM2444 - IRAM2276 - DIN-VDE 0551,DIN41772/73 - IEC61558 - IEC60076-11 - IEC60529 - IEC60146 - IRAM2166 - IRAM2444 - IRAM2276 - DIN-VDE 0551,DIN41772/73 - IEC61558 - IEC60076-11 - IEC60529 - IEC60146 - IRAM2166 - IRAM2444 - IRAM2276 - DIN-VDE 0551,DIN41772/73 - IEC61558 - IEC60076-11 - IEC60529 - IEC60146 - IRAM2166 - IRAM2444 - IRAM2276 - DIN-VDE 0551,DIN41772/73 - IEC61558 - IEC60076-11 - IEC60529 - IEC60146 - IRAM2166 - IRAM2444 - IRAM2276 - DIN-VDE 0551,DIN41772/73 - IEC61558 - IEC60076-11 - IEC60529 - IEC60146 - IRAM2166 - IRAM2444 - IRAM2276 - DIN-VDE 0551,DIN41772/73 - IEC61558 - IEC60076-11 - IEC60529 - IEC60146 - IRAM2166 - IRAM2444 - IRAM2276 - DIN-VDE 0551,DIN41772/73 - IEC61558 - IEC60076-11 - IEC60529 - IEC60146 - IRAM2166 - IRAM2444 - IRAM2276 - DIN-VDE 0551,DIN41772/73 - IEC61558 - IEC60076-11 - IEC60529 - IEC60146 - IRAM2166 - IRAM2444 - IRAM2276 - DIN-VDE 0551,DIN41772/73 - IEC61558 - IEC60076-11 - IEC60529 - IEC60146 - IRAM2166 - IRAM2444 - IRAM2276 - DIN-VDE 0551,DIN41772/73 - IEC61558 - IEC60076-11 - IEC60529 - IEC60146 - IRAM2166 - IRAM2444 - IRAM2276 - DIN-VDE 0551,DIN41772/73 - IEC61558 - IEC60076-11 - IEC60529 - IEC60146 - IRAM2166 - IRAM2444 - IRAM2276 - DIN-VDE 0551,DIN41772/73 - IEC61558 - IEC60076-11 - IEC60529 - IEC60146 - IRAM2166 - IRAM2444 - IRAM2276 - DIN-VDE 0551,DIN41772/73 - IEC61558 - IEC60076-11 - IEC60529 - IEC60146 - IRAM2166 - IRAM2444 - IRAM2276 - DIN-VDE 0551,DIN41772/73 - IEC61558 - IEC60076-11 - IEC60529 - IEC60146 - IRAM2166 - IRAM2444 - IRAM2276 - DIN-VDE 0551
1.5,Origen,-,Argentina,Argentina,Argentina,Argentina,Argentina,Argentina,Argentina,Argentina,Argentina,Argentina,Argentina,Argentina,Argentina,Argentina,Argentina,Argentina,Argentina,Argentina,Argentina,Argentina,Argentina,Argentina,Argentina,Argentina,Argentina,Argentina,Argentina
1.6,Tipo,-,Autorregulado,Autorregulado,Autorregulado,Autorregulado,Autorregulado,Autorregulado,Autorregulado,Autorregulado,Autorregulado,Autorregulado,Autorregulado,Autorregulado,Autorregulado,Autorregulado,Autorregulado,Autorregulado,Autorregulado,Autorregulado,Autorregulado,Autorregulado,Autorregulado,Autorregulado,Autorregulado,Autorregulado,Autorregulado,Autorregulado,Autorregulado
1.7,Apto para baterías Pb-Ac y Ni-Cd,-,Sí,Sí,Sí,Sí,Sí,Sí,Sí,Sí,Sí,Sí,Sí,Sí,Sí,Sí,Sí,Sí,Sí,Sí,Sí,Sí,Sí,Sí,Sí,Sí,Sí,Sí,Sí
,,,,,,,,,,,,,,,,,,,,,,,,,,,,,
2,Condiciones ambientales de servicio,,,,,,,,,,,,,,,,,,,,,,,,,,,,
2.1,Temperatura máxima,°C,40,40,40,40,40,40,40,40,40,40,40,40,40,40,40,40,40,40,40,40,40,40,40,40,40,40,40
2.2,Temperatura mínima,°C,0,0,0,0,0,0,0,0,0,0,0,0,0,0,0,0,0,0,0,0,0,0,0,0,0,0,0
2.3,Altura sobre el nivel del mar,m.s.n.m,1000,1000,1000,1000,1000,1000,1000,1000,1000,1000,1000,1000,1000,1000,1000,1000,1000,1000,1000,1000,1000,1000,1000,1000,1000,1000,1000
2.4,Humedad relativa máxima (sin condensación),%,95,95,95,95,95,95,95,95,95,95,95,95,95,95,95,95,95,95,95,95,95,95,95,95,95,95,95
2.5,Instlacion,-,Interior,Interior,Interior,Interior,Interior,Interior,Interior,Interior,Interior,Interior,Interior,Interior,Interior,Interior,Interior,Interior,Interior,Interior,Interior,Interior,Interior,Interior,Interior,Interior,Interior,Interior,Interior
2.6,Tipo de Servicio,-,Continuo,Continuo,Continuo,Continuo,Continuo,Continuo,Continuo,Continuo,Continuo,Continuo,Continuo,Continuo,Continuo,Continuo,Continuo,Continuo,Continuo,Continuo,Continuo,Continuo,Continuo,Continuo,Continuo,Continuo,Continuo,Continuo,Continuo
,,,,,,,,,,,,,,,,,,,,,,,,,,,,,
3,Alimentación,,,,,,,,,,,,,,,,,,,,,,,,,,,,
3.1,Tipo,Tri/Mono,Monofásico,Monofásico,Monofásico,Monofásico,Monofásico,Monofásico,Monofásico,Monofásico,Monofásico,Monofásico,Monofásico,Monofásico,Monofásico,Monofásico,Monofásico,Monofásico,Monofásico,Monofásico,Monofásico,Monofásico,Monofásico,Monofásico,Monofásico,Monofásico,Monofásico,Monofásico,Monofásico
3.2,Tensión,Vca,220,220,220,220,220,220,220,220,220,220,220,220,220,220,220,220,220,220,220,220,220,220,220,220,220,220,220
3.3,Rango de Tensión de entrada,%,±10,±10,±10,±10,±10,±10,±10,±10,±10,±10,±10,±10,±10,±10,±10,±10,±10,±10,±10,±10,±10,±10,±10,±10,±10,±10,±10
3.4,Frecuencia,Hz,50,50,50,50,50,50,50,50,50,50,50,50,50,50,50,50,50,50,50,50,50,50,50,50,50,50,50
3.5,Rango de Frecuencia de entrada,%,±5,±5,±5,±5,±5,±5,±5,±5,±5,±5,±5,±5,±5,±5,±5,±5,±5,±5,±5,±5,±5,±5,±5,±5,±5,±5,±5
3.5.1,-Conexión del nuetro respecto a tierra,Rigido/Aislado,Rígido,Rígido,Rígido,Rígido,Rígido,Rígido,Rígido,Rígido,Rígido,Rígido,Rígido,Rígido,Rígido,Rígido,Rígido,Rígido,Rígido,Rígido,Rígido,Rígido,Rígido,Rígido,Rígido,Rígido,Rígido,Rígido,Rígido
3.5.2,-Conductor de PE independiente del neutro,-,Sí,Sí,Sí,Sí,Sí,Sí,Sí,Sí,Sí,Sí,Sí,Sí,Sí,Sí,Sí,Sí,Sí,Sí,Sí,Sí,Sí,Sí,Sí,Sí,Sí,Sí,Sí
3.5.3,-Corriente de cortocircuito de la red en el punto de conexión,kA,A definir por cliente,A definir por cliente,A definir por cliente,A definir por cliente,A definir por cliente,A definir por cliente,A definir por cliente,A definir por cliente,A definir por cliente,A definir por cliente,A definir por cliente,A definir por cliente,A definir por cliente,A definir por cliente,A definir por cliente,A definir por cliente,A definir por cliente,A definir por cliente,A definir por cliente,A definir por cliente,A definir por cliente,A definir por cliente,A definir por cliente,A definir por cliente,A definir por cliente,A definir por cliente,A definir por cliente
3.5.4,-Tipo Interruptor de acometida / calibre (A),-,Interruptor TM 2P,Interruptor TM 2P,Interruptor TM 2P,Interruptor TM 2P,Interruptor TM 2P,Interruptor TM 2P,Interruptor TM 2P,Interruptor TM 2P,Interruptor TM 2P,Interruptor TM 2P,Interruptor TM 2P,Interruptor TM 2P,Interruptor TM 2P,Interruptor TM 2P,Interruptor TM 2P,Interruptor TM 2P,Interruptor TM 2P,Interruptor TM 2P,Interruptor TM 2P,Interruptor TM 2P,Interruptor TM 2P,Interruptor TM 2P,Interruptor TM 2P,Interruptor TM 2P,Interruptor TM 2P,Interruptor TM 2P,Interruptor TM 2P
3.5.5,-Potencia del Transformador de entrada,kVA,Incluido,Incluido,Incluido,Incluido,Incluido,Incluido,Incluido,Incluido,Incluido,Incluido,Incluido,Incluido,Incluido,Incluido,Incluido,Incluido,Incluido,Incluido,Incluido,Incluido,Incluido,Incluido,Incluido,Incluido,Incluido,Incluido,Incluido
3.5.5.1,--Corriente de conexión del transformador,veces In,<5,<5,<5,<5,<5,<5,<5,<5,<5,<5,<5,<5,<5,<5,<5,<5,<5,<5,<5,<5,<5,<5,<5,<5,<5,<5,<5
,,,,,,,,,,,,,,,,,,,,,,,,,,,,,
4,Salida,,,,,,,,,,,,,,,,,,,,,,,,,,,,
4.1,Tensión Nominal,Vcc,110,110,110,110,110,110,110,110,110,48,48,48,48,48,48,48,48,48,24,24,24,24,24,24,24,24,24
4.2,Corriente Nominal de Salida,A,10,10,10,20,20,20,30,30,30,10,10,10,20,20,20,30,30,30,10,10,10,20,20,20,30,30,30
4.3,Máxima corriente a consumos,A,10,20,20,20,20,20,20,20,20,10,20,20,20,20,20,20,20,20,10,20,20,20,20,20,20,20,20
,,,,,,,,,,,,,,,,,,,,,,,,,,,,,
5,Tensión de Flote (rango de ajuste),Vcc,55-143,55-143,55-143,55-143,55-143,55-143,55-143,55-143,55-143,24-62.4,24-62.4,24-62.4,24-62.4,24-62.4,24-62.4,24-62.4,24-62.4,24-62.4,12-31.2,12-31.2,12-31.2,12-31.2,12-31.2,12-31.2,12-31.2,12-31.2,12-31.2
5.1,Estabilización de la tensión de flote,%,±1,±1,±1,±1,±1,±1,±1,±1,±1,±1,±1,±1,±1,±1,±1,±1,±1,±1,±1,±1,±1,±1,±1,±1,±1,±1,±1
5.2,Tensión de Fondo (rango de ajuste),Vcc,88-165,88-165,88-165,88-165,88-165,88-165,88-165,88-165,88-165,38.4-72,38.4-72,38.4-72,38.4-72,38.4-72,38.4-72,38.4-72,38.4-72,38.4-72,19.2-36,19.2-36,19.2-36,19.2-36,19.2-36,19.2-36,19.2-36,19.2-36,19.2-36
5.3,Modos de Carga,,,,,,,,,,,,,,,,,,,,,,,,,,,,
5.3.1,-Manual/Automático,-,Sí,Sí,Sí,Sí,Sí,Sí,Sí,Sí,Sí,Sí,Sí,Sí,Sí,Sí,Sí,Sí,Sí,Sí,Sí,Sí,Sí,Sí,Sí,Sí,Sí,Sí,Sí
5.3.2,-Fondo/Flote,-,Sí,Sí,Sí,Sí,Sí,Sí,Sí,Sí,Sí,Sí,Sí,Sí,Sí,Sí,Sí,Sí,Sí,Sí,Sí,Sí,Sí,Sí,Sí,Sí,Sí,Sí,Sí
5.3.3,-Carga Excepcional,-,Sí (Ecualización),Sí (Ecualización),Sí (Ecualización),Sí (Ecualización),Sí (Ecualización),Sí (Ecualización),Sí (Ecualización),Sí (Ecualización),Sí (Ecualización),Sí (Ecualización),Sí (Ecualización),Sí (Ecualización),Sí (Ecualización),Sí (Ecualización),Sí (Ecualización),Sí (Ecualización),Sí (Ecualización),Sí (Ecualización),Sí (Ecualización),Sí (Ecualización),Sí (Ecualización),Sí (Ecualización),Sí (Ecualización),Sí (Ecualización),Sí (Ecualización),Sí (Ecualización),Sí (Ecualización)
5.4,Regulador de Tensión mediante cadena de diodos,-,No,Cadena Simple (CS),Cadena Doble (CD),No,Cadena Simple (CS),Cadena Doble (CD),No,Cadena Simple (CS),Cadena Doble (CD),No,Cadena Simple (CS),Cadena Doble (CD),No,Cadena Simple (CS),Cadena Doble (CD),No,Cadena Simple (CS),Cadena Doble (CD),No,Cadena Simple (CS),Cadena Doble (CD),No,Cadena Simple (CS),Cadena Doble (CD),No,Cadena Simple (CS),Cadena Doble (CD)
5.5,Rango de tensión de salida a consumo,,,,,,,,,,,,,,,,,,,,,,,,,,,,
5.5.1,-Baterías Ni-Cd,% Vnom,±10,±5 (con CS),±10 (con CD),±10,±5 (con CS),±10 (con CD),±10,±5 (con CS),±10 (con CD),±10,±5 (con CS),±10 (con CD),±10,±5 (con CS),±10 (con CD),±10,±5 (con CS),±10 (con CD),±10,±5 (con CS),±10 (con CD),±10,±5 (con CS),±10 (con CD),±10,±5 (con CS),±10 (con CD)
5.5.2,-Baterías Pb-Ca,% Vnom,±10,±5 (con CS),±10 (con CD),±10,±5 (con CS),±10 (con CD),±10,±5 (con CS),±10 (con CD),±10,±5 (con CS),±10 (con CD),±10,±5 (con CS),±10 (con CD),±10,±5 (con CS),±10 (con CD),±10,±5 (con CS),±10 (con CD),±10,±5 (con CS),±10 (con CD),±10,±5 (con CS),±10 (con CD)
5.3,Detección de polo a tierra,-,Sí,Sí,Sí,Sí,Sí,Sí,Sí,Sí,Sí,Sí,Sí,Sí,Sí,Sí,Sí,Sí,Sí,Sí,Sí,Sí,Sí,Sí,Sí,Sí,Sí,Sí,Sí
5.4,Tipo de Interruptor de salida a consumo / calibre (A),- ,Interruptor TM 2P,Interruptor TM 2P,Interruptor TM 2P,Interruptor TM 2P,Interruptor TM 2P,Interruptor TM 2P,Interruptor TM 2P,Interruptor TM 2P,Interruptor TM 2P,Interruptor TM 2P,Interruptor TM 2P,Interruptor TM 2P,Interruptor TM 2P,Interruptor TM 2P,Interruptor TM 2P,Interruptor TM 2P,Interruptor TM 2P,Interruptor TM 2P,Interruptor TM 2P,Interruptor TM 2P,Interruptor TM 2P,Interruptor TM 2P,Interruptor TM 2P,Interruptor TM 2P,Interruptor TM 2P,Interruptor TM 2P,Interruptor TM 2P
5.5,Tipo de Interruptor de salida a baterías / calibre (A),-,Interruptor TM 2P,Interruptor TM 2P,Interruptor TM 2P,Interruptor TM 2P,Interruptor TM 2P,Interruptor TM 2P,Interruptor TM 2P,Interruptor TM 2P,Interruptor TM 2P,Interruptor TM 2P,Interruptor TM 2P,Interruptor TM 2P,Interruptor TM 2P,Interruptor TM 2P,Interruptor TM 2P,Interruptor TM 2P,Interruptor TM 2P,Interruptor TM 2P,Interruptor TM 2P,Interruptor TM 2P,Interruptor TM 2P,Interruptor TM 2P,Interruptor TM 2P,Interruptor TM 2P,Interruptor TM 2P,Interruptor TM 2P,Interruptor TM 2P
5.6,Sistema de rectificación,-,Puente rectificador 4 pulsos con tiristores,Puente rectificador 4 pulsos con tiristores,Puente rectificador 4 pulsos con tiristores,Puente rectificador 4 pulsos con tiristores,Puente rectificador 4 pulsos con tiristores,Puente rectificador 4 pulsos con tiristores,Puente rectificador 4 pulsos con tiristores,Puente rectificador 4 pulsos con tiristores,Puente rectificador 4 pulsos con tiristores,Puente rectificador 4 pulsos con tiristores,Puente rectificador 4 pulsos con tiristores,Puente rectificador 4 pulsos con tiristores,Puente rectificador 4 pulsos con tiristores,Puente rectificador 4 pulsos con tiristores,Puente rectificador 4 pulsos con tiristores,Puente rectificador 4 pulsos con tiristores,Puente rectificador 4 pulsos con tiristores,Puente rectificador 4 pulsos con tiristores,Puente rectificador 4 pulsos con tiristores,Puente rectificador 4 pulsos con tiristores,Puente rectificador 4 pulsos con tiristores,Puente rectificador 4 pulsos con tiristores,Puente rectificador 4 pulsos con tiristores,Puente rectificador 4 pulsos con tiristores,Puente rectificador 4 pulsos con tiristores,Puente rectificador 4 pulsos con tiristores,Puente rectificador 4 pulsos con tiristores
5.7,Ripple,,,,,,,,,,,,,,,,,,,,,,,,,,,,
5.7.1,-Con Baterías conectadas,%,<1,<1,<1,<1,<1,<1,<1,<1,<1,<1,<1,<1,<1,<1,<1,<1,<1,<1,<1,<1,<1,<1,<1,<1,<1,<1,<1
5.7.2,-Sin Baterías conectadas,%,±2,±2,±2,±2,±2,±2,±2,±2,±2,±2,±2,±2,±2,±2,±2,±2,±2,±2,±2,±2,±2,±2,±2,±2,±2,±2,±2
,,,,,,,,,,,,,,,,,,,,,,,,,,,,,
6,Gabinete del Sistema,,,,,,,,,,,,,,,,,,,,,,,,,,,,
6.1,Material,-,Chapa de acero plegada,Chapa de acero plegada,Chapa de acero plegada,Chapa de acero plegada,Chapa de acero plegada,Chapa de acero plegada,Chapa de acero plegada,Chapa de acero plegada,Chapa de acero plegada,Chapa de acero plegada,Chapa de acero plegada,Chapa de acero plegada,Chapa de acero plegada,Chapa de acero plegada,Chapa de acero plegada,Chapa de acero plegada,Chapa de acero plegada,Chapa de acero plegada,Chapa de acero plegada,Chapa de acero plegada,Chapa de acero plegada,Chapa de acero plegada,Chapa de acero plegada,Chapa de acero plegada,Chapa de acero plegada,Chapa de acero plegada,Chapa de acero plegada
6.2,Acceso,-,Frontal con puerta,Frontal con puerta,Frontal con puerta,Frontal con puerta,Frontal con puerta,Frontal con puerta,Frontal con puerta,Frontal con puerta,Frontal con puerta,Frontal con puerta,Frontal con puerta,Frontal con puerta,Frontal con puerta,Frontal con puerta,Frontal con puerta,Frontal con puerta,Frontal con puerta,Frontal con puerta,Frontal con puerta,Frontal con puerta,Frontal con puerta,Frontal con puerta,Frontal con puerta,Frontal con puerta,Frontal con puerta,Frontal con puerta,Frontal con puerta
6.3,Grado de protección del cerramiento,IP,IP21,IP21,IP21,IP21,IP21,IP21,IP21,IP21,IP21,IP21,IP21,IP21,IP21,IP21,IP21,IP21,IP21,IP21,IP21,IP21,IP21,IP21,IP21,IP21,IP21,IP21,IP21
6.4,Espesor de chapa de estructura,mm,1.5-2.0,1.5-2.0,1.5-2.0,1.5-2.0,1.5-2.0,1.5-2.0,1.5-2.0,1.5-2.0,1.5-2.0,1.5-2.0,1.5-2.0,1.5-2.0,1.5-2.0,1.5-2.0,1.5-2.0,1.5-2.0,1.5-2.0,1.5-2.0,1.5-2.0,1.5-2.0,1.5-2.0,1.5-2.0,1.5-2.0,1.5-2.0,1.5-2.0,1.5-2.0,1.5-2.0
6.5,Tipo de Pintura,-,Pintura termo convertida,Pintura termo convertida,Pintura termo convertida,Pintura termo convertida,Pintura termo convertida,Pintura termo convertida,Pintura termo convertida,Pintura termo convertida,Pintura termo convertida,Pintura termo convertida,Pintura termo convertida,Pintura termo convertida,Pintura termo convertida,Pintura termo convertida,Pintura termo convertida,Pintura termo convertida,Pintura termo convertida,Pintura termo convertida,Pintura termo convertida,Pintura termo convertida,Pintura termo convertida,Pintura termo convertida,Pintura termo convertida,Pintura termo convertida,Pintura termo convertida,Pintura termo convertida,Pintura termo convertida
6.6,Color,RAL,RAL 7032,RAL 7032,RAL 7032,RAL 7032,RAL 7032,RAL 7032,RAL 7032,RAL 7032,RAL 7032,RAL 7032,RAL 7032,RAL 7032,RAL 7032,RAL 7032,RAL 7032,RAL 7032,RAL 7032,RAL 7032,RAL 7032,RAL 7032,RAL 7032,RAL 7032,RAL 7032,RAL 7032,RAL 7032,RAL 7032,RAL 7032
6.7,Espeso de pintura,µm,60-80,60-80,60-80,60-80,60-80,60-80,60-80,60-80,60-80,60-80,60-80,60-80,60-80,60-80,60-80,60-80,60-80,60-80,60-80,60-80,60-80,60-80,60-80,60-80,60-80,60-80,60-80
6.8,Dimensiones (ancho x alto x profundidad),mm,640x1000x640,640x1000x640,640x1000x640,640x1000x640,640x1000x640,640x1000x640,640x1000x640,640x1000x640,640x1000x640,640x1000x640,640x1000x640,640x1000x640,640x1000x640,640x1000x640,640x1000x640,640x1000x640,640x1000x640,640x1000x640,640x1000x640,640x1000x640,640x1000x640,640x1000x640,640x1000x640,640x1000x640,640x1000x640,640x1000x640,640x1000x640
,,,,,,,,,,,,,,,,,,,,,,,,,,,,,
7,Otros,,,,,,,,,,,,,,,,,,,,,,,,,,,,
7.1,Ventilación,AN/AF,AN (Natural),AN (Natural),AN (Natural),AN (Natural),AN (Natural),AN (Natural),AN (Natural),AN (Natural),AN (Natural),AN (Natural),AN (Natural),AN (Natural),AN (Natural),AN (Natural),AN (Natural),AN (Natural),AN (Natural),AN (Natural),AN (Natural),AN (Natural),AN (Natural),AN (Natural),AN (Natural),AN (Natural),AN (Natural),AN (Natural),AN (Natural)
7.2,Rectificador,-,Tiristores autorregulados,Tiristores autorregulados,Tiristores autorregulados,Tiristores autorregulados,Tiristores autorregulados,Tiristores autorregulados,Tiristores autorregulados,Tiristores autorregulados,Tiristores autorregulados,Tiristores autorregulados,Tiristores autorregulados,Tiristores autorregulados,Tiristores autorregulados,Tiristores autorregulados,Tiristores autorregulados,Tiristores autorregulados,Tiristores autorregulados,Tiristores autorregulados,Tiristores autorregulados,Tiristores autorregulados,Tiristores autorregulados,Tiristores autorregulados,Tiristores autorregulados,Tiristores autorregulados,Tiristores autorregulados,Tiristores autorregulados,Tiristores autorregulados
,,,,,,,,,,,,,,,,,,,,,,,,,,,,,
8,Protecciones,,,,,,,,,,,,,,,,,,,,,,,,,,,,
8.1,-Sobretensiones en CC / CA,-,Protector sobretensión entrada / varistores salida,Protector sobretensión entrada / varistores salida,Protector sobretensión entrada / varistores salida,Protector sobretensión entrada / varistores salida,Protector sobretensión entrada / varistores salida,Protector sobretensión entrada / varistores salida,Protector sobretensión entrada / varistores salida,Protector sobretensión entrada / varistores salida,Protector sobretensión entrada / varistores salida,Protector sobretensión entrada / varistores salida,Protector sobretensión entrada / varistores salida,Protector sobretensión entrada / varistores salida,Protector sobretensión entrada / varistores salida,Protector sobretensión entrada / varistores salida,Protector sobretensión entrada / varistores salida,Protector sobretensión entrada / varistores salida,Protector sobretensión entrada / varistores salida,Protector sobretensión entrada / varistores salida,Protector sobretensión entrada / varistores salida,Protector sobretensión entrada / varistores salida,Protector sobretensión entrada / varistores salida,Protector sobretensión entrada / varistores salida,Protector sobretensión entrada / varistores salida,Protector sobretensión entrada / varistores salida,Protector sobretensión entrada / varistores salida,Protector sobretensión entrada / varistores salida,Protector sobretensión entrada / varistores salida
8.2,-Cortocircuito,-,Fusibles cerámicos (transformador) / Interruptores TM (salidas),Fusibles cerámicos (transformador) / Interruptores TM (salidas),Fusibles cerámicos (transformador) / Interruptores TM (salidas),Fusibles cerámicos (transformador) / Interruptores TM (salidas),Fusibles cerámicos (transformador) / Interruptores TM (salidas),Fusibles cerámicos (transformador) / Interruptores TM (salidas),Fusibles cerámicos (transformador) / Interruptores TM (salidas),Fusibles cerámicos (transformador) / Interruptores TM (salidas),Fusibles cerámicos (transformador) / Interruptores TM (salidas),Fusibles cerámicos (transformador) / Interruptores TM (salidas),Fusibles cerámicos (transformador) / Interruptores TM (salidas),Fusibles cerámicos (transformador) / Interruptores TM (salidas),Fusibles cerámicos (transformador) / Interruptores TM (salidas),Fusibles cerámicos (transformador) / Interruptores TM (salidas),Fusibles cerámicos (transformador) / Interruptores TM (salidas),Fusibles cerámicos (transformador) / Interruptores TM (salidas),Fusibles cerámicos (transformador) / Interruptores TM (salidas),Fusibles cerámicos (transformador) / Interruptores TM (salidas),Fusibles cerámicos (transformador) / Interruptores TM (salidas),Fusibles cerámicos (transformador) / Interruptores TM (salidas),Fusibles cerámicos (transformador) / Interruptores TM (salidas),Fusibles cerámicos (transformador) / Interruptores TM (salidas),Fusibles cerámicos (transformador) / Interruptores TM (salidas),Fusibles cerámicos (transformador) / Interruptores TM (salidas),Fusibles cerámicos (transformador) / Interruptores TM (salidas),Fusibles cerámicos (transformador) / Interruptores TM (salidas),Fusibles cerámicos (transformador) / Interruptores TM (salidas)
8.3,-Sobrecarga,-,Limitación de corriente programable,Limitación de corriente programable,Limitación de corriente programable,Limitación de corriente programable,Limitación de corriente programable,Limitación de corriente programable,Limitación de corriente programable,Limitación de corriente programable,Limitación de corriente programable,Limitación de corriente programable,Limitación de corriente programable,Limitación de corriente programable,Limitación de corriente programable,Limitación de corriente programable,Limitación de corriente programable,Limitación de corriente programable,Limitación de corriente programable,Limitación de corriente programable,Limitación de corriente programable,Limitación de corriente programable,Limitación de corriente programable,Limitación de corriente programable,Limitación de corriente programable,Limitación de corriente programable,Limitación de corriente programable,Limitación de corriente programable,Limitación de corriente programable
8.4,-LVD,-,Sí,Sí,Sí,Sí,Sí,Sí,Sí,Sí,Sí,Sí,Sí,Sí,Sí,Sí,Sí,Sí,Sí,Sí,Sí,Sí,Sí,Sí,Sí,Sí,Sí,Sí,Sí
,,,,,,,,,,,,,,,,,,,,,,,,,,,,,
9,Alarmas,,,,,,,,,,,,,,,,,,,,,,,,,,,,
9.1,Falla de Red,-,Sí (LCD + contacto seco),Sí (LCD + contacto seco),Sí (LCD + contacto seco),Sí (LCD + contacto seco),Sí (LCD + contacto seco),Sí (LCD + contacto seco),Sí (LCD + contacto seco),Sí (LCD + contacto seco),Sí (LCD + contacto seco),Sí (LCD + contacto seco),Sí (LCD + contacto seco),Sí (LCD + contacto seco),Sí (LCD + contacto seco),Sí (LCD + contacto seco),Sí (LCD + contacto seco),Sí (LCD + contacto seco),Sí (LCD + contacto seco),Sí (LCD + contacto seco),Sí (LCD + contacto seco),Sí (LCD + contacto seco),Sí (LCD + contacto seco),Sí (LCD + contacto seco),Sí (LCD + contacto seco),Sí (LCD + contacto seco),Sí (LCD + contacto seco),Sí (LCD + contacto seco),Sí (LCD + contacto seco)
9.2,Alta Tensión en baterías,-,Sí (LCD + contacto seco),Sí (LCD + contacto seco),Sí (LCD + contacto seco),Sí (LCD + contacto seco),Sí (LCD + contacto seco),Sí (LCD + contacto seco),Sí (LCD + contacto seco),Sí (LCD + contacto seco),Sí (LCD + contacto seco),Sí (LCD + contacto seco),Sí (LCD + contacto seco),Sí (LCD + contacto seco),Sí (LCD + contacto seco),Sí (LCD + contacto seco),Sí (LCD + contacto seco),Sí (LCD + contacto seco),Sí (LCD + contacto seco),Sí (LCD + contacto seco),Sí (LCD + contacto seco),Sí (LCD + contacto seco),Sí (LCD + contacto seco),Sí (LCD + contacto seco),Sí (LCD + contacto seco),Sí (LCD + contacto seco),Sí (LCD + contacto seco),Sí (LCD + contacto seco),Sí (LCD + contacto seco)
9.3,Baja Tensión en baterías,-,Sí (LCD),Sí (LCD),Sí (LCD),Sí (LCD),Sí (LCD),Sí (LCD),Sí (LCD),Sí (LCD),Sí (LCD),Sí (LCD),Sí (LCD),Sí (LCD),Sí (LCD),Sí (LCD),Sí (LCD),Sí (LCD),Sí (LCD),Sí (LCD),Sí (LCD),Sí (LCD),Sí (LCD),Sí (LCD),Sí (LCD),Sí (LCD),Sí (LCD),Sí (LCD),Sí (LCD)
9.4,Tensión en baterías Crítica (Batería descargada),-,Configurable,Configurable,Configurable,Configurable,Configurable,Configurable,Configurable,Configurable,Configurable,Configurable,Configurable,Configurable,Configurable,Configurable,Configurable,Configurable,Configurable,Configurable,Configurable,Configurable,Configurable,Configurable,Configurable,Configurable,Configurable,Configurable,Configurable
9.5,Alta Tensión en consumos,-,Sí (LCD + contacto seco),Sí (LCD + contacto seco),Sí (LCD + contacto seco),Sí (LCD + contacto seco),Sí (LCD + contacto seco),Sí (LCD + contacto seco),Sí (LCD + contacto seco),Sí (LCD + contacto seco),Sí (LCD + contacto seco),Sí (LCD + contacto seco),Sí (LCD + contacto seco),Sí (LCD + contacto seco),Sí (LCD + contacto seco),Sí (LCD + contacto seco),Sí (LCD + contacto seco),Sí (LCD + contacto seco),Sí (LCD + contacto seco),Sí (LCD + contacto seco),Sí (LCD + contacto seco),Sí (LCD + contacto seco),Sí (LCD + contacto seco),Sí (LCD + contacto seco),Sí (LCD + contacto seco),Sí (LCD + contacto seco),Sí (LCD + contacto seco),Sí (LCD + contacto seco),Sí (LCD + contacto seco)
9.6,Baja Tensión en consumos,-,Sí (LCD),Sí (LCD),Sí (LCD),Sí (LCD),Sí (LCD),Sí (LCD),Sí (LCD),Sí (LCD),Sí (LCD),Sí (LCD),Sí (LCD),Sí (LCD),Sí (LCD),Sí (LCD),Sí (LCD),Sí (LCD),Sí (LCD),Sí (LCD),Sí (LCD),Sí (LCD),Sí (LCD),Sí (LCD),Sí (LCD),Sí (LCD),Sí (LCD),Sí (LCD),Sí (LCD)
9.7,Tensión en consumo Crítica,-,Configurable,Configurable,Configurable,Configurable,Configurable,Configurable,Configurable,Configurable,Configurable,Configurable,Configurable,Configurable,Configurable,Configurable,Configurable,Configurable,Configurable,Configurable,Configurable,Configurable,Configurable,Configurable,Configurable,Configurable,Configurable,Configurable,Configurable
9.8,Falla de rectificador,-,Sí (LCD + contacto seco),Sí (LCD + contacto seco),Sí (LCD + contacto seco),Sí (LCD + contacto seco),Sí (LCD + contacto seco),Sí (LCD + contacto seco),Sí (LCD + contacto seco),Sí (LCD + contacto seco),Sí (LCD + contacto seco),Sí (LCD + contacto seco),Sí (LCD + contacto seco),Sí (LCD + contacto seco),Sí (LCD + contacto seco),Sí (LCD + contacto seco),Sí (LCD + contacto seco),Sí (LCD + contacto seco),Sí (LCD + contacto seco),Sí (LCD + contacto seco),Sí (LCD + contacto seco),Sí (LCD + contacto seco),Sí (LCD + contacto seco),Sí (LCD + contacto seco),Sí (LCD + contacto seco),Sí (LCD + contacto seco),Sí (LCD + contacto seco),Sí (LCD + contacto seco),Sí (LCD + contacto seco)
9.9,Alta corriente de rectificador,-,Sí (LCD),Sí (LCD),Sí (LCD),Sí (LCD),Sí (LCD),Sí (LCD),Sí (LCD),Sí (LCD),Sí (LCD),Sí (LCD),Sí (LCD),Sí (LCD),Sí (LCD),Sí (LCD),Sí (LCD),Sí (LCD),Sí (LCD),Sí (LCD),Sí (LCD),Sí (LCD),Sí (LCD),Sí (LCD),Sí (LCD),Sí (LCD),Sí (LCD),Sí (LCD),Sí (LCD)
9.10,Alta corriente de baterías,-,Sí (LCD + contacto seco),Sí (LCD + contacto seco),Sí (LCD + contacto seco),Sí (LCD + contacto seco),Sí (LCD + contacto seco),Sí (LCD + contacto seco),Sí (LCD + contacto seco),Sí (LCD + contacto seco),Sí (LCD + contacto seco),Sí (LCD + contacto seco),Sí (LCD + contacto seco),Sí (LCD + contacto seco),Sí (LCD + contacto seco),Sí (LCD + contacto seco),Sí (LCD + contacto seco),Sí (LCD + contacto seco),Sí (LCD + contacto seco),Sí (LCD + contacto seco),Sí (LCD + contacto seco),Sí (LCD + contacto seco),Sí (LCD + contacto seco),Sí (LCD + contacto seco),Sí (LCD + contacto seco),Sí (LCD + contacto seco),Sí (LCD + contacto seco),Sí (LCD + contacto seco),Sí (LCD + contacto seco)
9.11,Alta corriente de consumos,-,Configurable,Configurable,Configurable,Configurable,Configurable,Configurable,Configurable,Configurable,Configurable,Configurable,Configurable,Configurable,Configurable,Configurable,Configurable,Configurable,Configurable,Configurable,Configurable,Configurable,Configurable,Configurable,Configurable,Configurable,Configurable,Configurable,Configurable
9.12,Polo positivo a tierra,-,Sí (LCD + contacto seco),Sí (LCD + contacto seco),Sí (LCD + contacto seco),Sí (LCD + contacto seco),Sí (LCD + contacto seco),Sí (LCD + contacto seco),Sí (LCD + contacto seco),Sí (LCD + contacto seco),Sí (LCD + contacto seco),Sí (LCD + contacto seco),Sí (LCD + contacto seco),Sí (LCD + contacto seco),Sí (LCD + contacto seco),Sí (LCD + contacto seco),Sí (LCD + contacto seco),Sí (LCD + contacto seco),Sí (LCD + contacto seco),Sí (LCD + contacto seco),Sí (LCD + contacto seco),Sí (LCD + contacto seco),Sí (LCD + contacto seco),Sí (LCD + contacto seco),Sí (LCD + contacto seco),Sí (LCD + contacto seco),Sí (LCD + contacto seco),Sí (LCD + contacto seco),Sí (LCD + contacto seco)
9.13,Polo negativo a tierra,-,Sí (LCD + contacto seco),Sí (LCD + contacto seco),Sí (LCD + contacto seco),Sí (LCD + contacto seco),Sí (LCD + contacto seco),Sí (LCD + contacto seco),Sí (LCD + contacto seco),Sí (LCD + contacto seco),Sí (LCD + contacto seco),Sí (LCD + contacto seco),Sí (LCD + contacto seco),Sí (LCD + contacto seco),Sí (LCD + contacto seco),Sí (LCD + contacto seco),Sí (LCD + contacto seco),Sí (LCD + contacto seco),Sí (LCD + contacto seco),Sí (LCD + contacto seco),Sí (LCD + contacto seco),Sí (LCD + contacto seco),Sí (LCD + contacto seco),Sí (LCD + contacto seco),Sí (LCD + contacto seco),Sí (LCD + contacto seco),Sí (LCD + contacto seco),Sí (LCD + contacto seco),Sí (LCD + contacto seco)
9.14,Fallo de un ventilador (si corresponde),-,N/A (ventilación natural),N/A (ventilación natural),N/A (ventilación natural),N/A (ventilación natural),N/A (ventilación natural),N/A (ventilación natural),N/A (ventilación natural),N/A (ventilación natural),N/A (ventilación natural),N/A (ventilación natural),N/A (ventilación natural),N/A (ventilación natural),N/A (ventilación natural),N/A (ventilación natural),N/A (ventilación natural),N/A (ventilación natural),N/A (ventilación natural),N/A (ventilación natural),N/A (ventilación natural),N/A (ventilación natural),N/A (ventilación natural),N/A (ventilación natural),N/A (ventilación natural),N/A (ventilación natural),N/A (ventilación natural),N/A (ventilación natural),N/A (ventilación natural)
9.15,Obstrucción en los filtros (si corresponde),-,N/A,N/A,N/A,N/A,N/A,N/A,N/A,N/A,N/A,N/A,N/A,N/A,N/A,N/A,N/A,N/A,N/A,N/A,N/A,N/A,N/A,N/A,N/A,N/A,N/A,N/A,N/A
9.16,Batería en descarga,-,Por detección de corriente inversa,Por detección de corriente inversa,Por detección de corriente inversa,Por detección de corriente inversa,Por detección de corriente inversa,Por detección de corriente inversa,Por detección de corriente inversa,Por detección de corriente inversa,Por detección de corriente inversa,Por detección de corriente inversa,Por detección de corriente inversa,Por detección de corriente inversa,Por detección de corriente inversa,Por detección de corriente inversa,Por detección de corriente inversa,Por detección de corriente inversa,Por detección de corriente inversa,Por detección de corriente inversa,Por detección de corriente inversa,Por detección de corriente inversa,Por detección de corriente inversa,Por detección de corriente inversa,Por detección de corriente inversa,Por detección de corriente inversa,Por detección de corriente inversa,Por detección de corriente inversa,Por detección de corriente inversa
9.17,Avería en la red de salida (falla aislación),-,Polo a tierra,Polo a tierra,Polo a tierra,Polo a tierra,Polo a tierra,Polo a tierra,Polo a tierra,Polo a tierra,Polo a tierra,Polo a tierra,Polo a tierra,Polo a tierra,Polo a tierra,Polo a tierra,Polo a tierra,Polo a tierra,Polo a tierra,Polo a tierra,Polo a tierra,Polo a tierra,Polo a tierra,Polo a tierra,Polo a tierra,Polo a tierra,Polo a tierra,Polo a tierra,Polo a tierra
9.18,Apertura de interruptores,-,Por contactos auxiliares (opcional),Por contactos auxiliares (opcional),Por contactos auxiliares (opcional),Por contactos auxiliares (opcional),Por contactos auxiliares (opcional),Por contactos auxiliares (opcional),Por contactos auxiliares (opcional),Por contactos auxiliares (opcional),Por contactos auxiliares (opcional),Por contactos auxiliares (opcional),Por contactos auxiliares (opcional),Por contactos auxiliares (opcional),Por contactos auxiliares (opcional),Por contactos auxiliares (opcional),Por contactos auxiliares (opcional),Por contactos auxiliares (opcional),Por contactos auxiliares (opcional),Por contactos auxiliares (opcional),Por contactos auxiliares (opcional),Por contactos auxiliares (opcional),Por contactos auxiliares (opcional),Por contactos auxiliares (opcional),Por contactos auxiliares (opcional),Por contactos auxiliares (opcional),Por contactos auxiliares (opcional),Por contactos auxiliares (opcional),Por contactos auxiliares (opcional)
9.19,Fallo en batería (si hay sistema de supervisión),-,No incluido (opcional),No incluido (opcional),No incluido (opcional),No incluido (opcional),No incluido (opcional),No incluido (opcional),No incluido (opcional),No incluido (opcional),No incluido (opcional),No incluido (opcional),No incluido (opcional),No incluido (opcional),No incluido (opcional),No incluido (opcional),No incluido (opcional),No incluido (opcional),No incluido (opcional),No incluido (opcional),No incluido (opcional),No incluido (opcional),No incluido (opcional),No incluido (opcional),No incluido (opcional),No incluido (opcional),No incluido (opcional),No incluido (opcional),No incluido (opcional)
9.20,Temperatura (termostato),-,Opcional,Opcional,Opcional,Opcional,Opcional,Opcional,Opcional,Opcional,Opcional,Opcional,Opcional,Opcional,Opcional,Opcional,Opcional,Opcional,Opcional,Opcional,Opcional,Opcional,Opcional,Opcional,Opcional,Opcional,Opcional,Opcional,Opcional
9.21,Cargador en modo fondo,-,Sí (LCD + contacto seco),Sí (LCD + contacto seco),Sí (LCD + contacto seco),Sí (LCD + contacto seco),Sí (LCD + contacto seco),Sí (LCD + contacto seco),Sí (LCD + contacto seco),Sí (LCD + contacto seco),Sí (LCD + contacto seco),Sí (LCD + contacto seco),Sí (LCD + contacto seco),Sí (LCD + contacto seco),Sí (LCD + contacto seco),Sí (LCD + contacto seco),Sí (LCD + contacto seco),Sí (LCD + contacto seco),Sí (LCD + contacto seco),Sí (LCD + contacto seco),Sí (LCD + contacto seco),Sí (LCD + contacto seco),Sí (LCD + contacto seco),Sí (LCD + contacto seco),Sí (LCD + contacto seco),Sí (LCD + contacto seco),Sí (LCD + contacto seco),Sí (LCD + contacto seco),Sí (LCD + contacto seco)
,,,,,,,,,,,,,,,,,,,,,,,,,,,,,
10,Señalizaciones:,,,,,,,,,,,,,,,,,,,,,,,,,,,,
10.1,Presencia de tensión alterna en todas las redes (Red Ok),-,Sí (LED frontal),Sí (LED frontal),Sí (LED frontal),Sí (LED frontal),Sí (LED frontal),Sí (LED frontal),Sí (LED frontal),Sí (LED frontal),Sí (LED frontal),Sí (LED frontal),Sí (LED frontal),Sí (LED frontal),Sí (LED frontal),Sí (LED frontal),Sí (LED frontal),Sí (LED frontal),Sí (LED frontal),Sí (LED frontal),Sí (LED frontal),Sí (LED frontal),Sí (LED frontal),Sí (LED frontal),Sí (LED frontal),Sí (LED frontal),Sí (LED frontal),Sí (LED frontal),Sí (LED frontal)
10.2,Batería en modo carga de flotación,-,Sí (LED FLOTE),Sí (LED FLOTE),Sí (LED FLOTE),Sí (LED FLOTE),Sí (LED FLOTE),Sí (LED FLOTE),Sí (LED FLOTE),Sí (LED FLOTE),Sí (LED FLOTE),Sí (LED FLOTE),Sí (LED FLOTE),Sí (LED FLOTE),Sí (LED FLOTE),Sí (LED FLOTE),Sí (LED FLOTE),Sí (LED FLOTE),Sí (LED FLOTE),Sí (LED FLOTE),Sí (LED FLOTE),Sí (LED FLOTE),Sí (LED FLOTE),Sí (LED FLOTE),Sí (LED FLOTE),Sí (LED FLOTE),Sí (LED FLOTE),Sí (LED FLOTE),Sí (LED FLOTE)
10.3,Batería en modo carga rápida,-,Sí (LED FONDO),Sí (LED FONDO),Sí (LED FONDO),Sí (LED FONDO),Sí (LED FONDO),Sí (LED FONDO),Sí (LED FONDO),Sí (LED FONDO),Sí (LED FONDO),Sí (LED FONDO),Sí (LED FONDO),Sí (LED FONDO),Sí (LED FONDO),Sí (LED FONDO),Sí (LED FONDO),Sí (LED FONDO),Sí (LED FONDO),Sí (LED FONDO),Sí (LED FONDO),Sí (LED FONDO),Sí (LED FONDO),Sí (LED FONDO),Sí (LED FONDO),Sí (LED FONDO),Sí (LED FONDO),Sí (LED FONDO),Sí (LED FONDO)
10.4,Batería en modo carga excepcional,-,Sí (LCD),Sí (LCD),Sí (LCD),Sí (LCD),Sí (LCD),Sí (LCD),Sí (LCD),Sí (LCD),Sí (LCD),Sí (LCD),Sí (LCD),Sí (LCD),Sí (LCD),Sí (LCD),Sí (LCD),Sí (LCD),Sí (LCD),Sí (LCD),Sí (LCD),Sí (LCD),Sí (LCD),Sí (LCD),Sí (LCD),Sí (LCD),Sí (LCD),Sí (LCD),Sí (LCD)
10.5,Funcionamiento de los ventiladores (si aplica),-,N/A,N/A,N/A,N/A,N/A,N/A,N/A,N/A,N/A,N/A,N/A,N/A,N/A,N/A,N/A,N/A,N/A,N/A,N/A,N/A,N/A,N/A,N/A,N/A,N/A,N/A,N/A
10.6,Carga por la red alternativa,-,N/A (entrada única),N/A (entrada única),N/A (entrada única),N/A (entrada única),N/A (entrada única),N/A (entrada única),N/A (entrada única),N/A (entrada única),N/A (entrada única),N/A (entrada única),N/A (entrada única),N/A (entrada única),N/A (entrada única),N/A (entrada única),N/A (entrada única),N/A (entrada única),N/A (entrada única),N/A (entrada única),N/A (entrada única),N/A (entrada única),N/A (entrada única),N/A (entrada única),N/A (entrada única),N/A (entrada única),N/A (entrada única),N/A (entrada única),N/A (entrada única)
10.7,Falla,-,Sí (LED ALARMA),Sí (LED ALARMA),Sí (LED ALARMA),Sí (LED ALARMA),Sí (LED ALARMA),Sí (LED ALARMA),Sí (LED ALARMA),Sí (LED ALARMA),Sí (LED ALARMA),Sí (LED ALARMA),Sí (LED ALARMA),Sí (LED ALARMA),Sí (LED ALARMA),Sí (LED ALARMA),Sí (LED ALARMA),Sí (LED ALARMA),Sí (LED ALARMA),Sí (LED ALARMA),Sí (LED ALARMA),Sí (LED ALARMA),Sí (LED ALARMA),Sí (LED ALARMA),Sí (LED ALARMA),Sí (LED ALARMA),Sí (LED ALARMA),Sí (LED ALARMA),Sí (LED ALARMA)
10.8,Tensión de batería,,Sí (Display LCD 20x4),Sí (Display LCD 20x4),Sí (Display LCD 20x4),Sí (Display LCD 20x4),Sí (Display LCD 20x4),Sí (Display LCD 20x4),Sí (Display LCD 20x4),Sí (Display LCD 20x4),Sí (Display LCD 20x4),Sí (Display LCD 20x4),Sí (Display LCD 20x4),Sí (Display LCD 20x4),Sí (Display LCD 20x4),Sí (Display LCD 20x4),Sí (Display LCD 20x4),Sí (Display LCD 20x4),Sí (Display LCD 20x4),Sí (Display LCD 20x4),Sí (Display LCD 20x4),Sí (Display LCD 20x4),Sí (Display LCD 20x4),Sí (Display LCD 20x4),Sí (Display LCD 20x4),Sí (Display LCD 20x4),Sí (Display LCD 20x4),Sí (Display LCD 20x4),Sí (Display LCD 20x4)
10.9,Tensión de consumos,,Sí (Display LCD 20x4),Sí (Display LCD 20x4),Sí (Display LCD 20x4),Sí (Display LCD 20x4),Sí (Display LCD 20x4),Sí (Display LCD 20x4),Sí (Display LCD 20x4),Sí (Display LCD 20x4),Sí (Display LCD 20x4),Sí (Display LCD 20x4),Sí (Display LCD 20x4),Sí (Display LCD 20x4),Sí (Display LCD 20x4),Sí (Display LCD 20x4),Sí (Display LCD 20x4),Sí (Display LCD 20x4),Sí (Display LCD 20x4),Sí (Display LCD 20x4),Sí (Display LCD 20x4),Sí (Display LCD 20x4),Sí (Display LCD 20x4),Sí (Display LCD 20x4),Sí (Display LCD 20x4),Sí (Display LCD 20x4),Sí (Display LCD 20x4),Sí (Display LCD 20x4),Sí (Display LCD 20x4)
10.10,Corriente de baterias,,Sí (Display LCD 20x4),Sí (Display LCD 20x4),Sí (Display LCD 20x4),Sí (Display LCD 20x4),Sí (Display LCD 20x4),Sí (Display LCD 20x4),Sí (Display LCD 20x4),Sí (Display LCD 20x4),Sí (Display LCD 20x4),Sí (Display LCD 20x4),Sí (Display LCD 20x4),Sí (Display LCD 20x4),Sí (Display LCD 20x4),Sí (Display LCD 20x4),Sí (Display LCD 20x4),Sí (Display LCD 20x4),Sí (Display LCD 20x4),Sí (Display LCD 20x4),Sí (Display LCD 20x4),Sí (Display LCD 20x4),Sí (Display LCD 20x4),Sí (Display LCD 20x4),Sí (Display LCD 20x4),Sí (Display LCD 20x4),Sí (Display LCD 20x4),Sí (Display LCD 20x4),Sí (Display LCD 20x4)
10.11,Corriente de consumos,,Sí (Display LCD 20x4),Sí (Display LCD 20x4),Sí (Display LCD 20x4),Sí (Display LCD 20x4),Sí (Display LCD 20x4),Sí (Display LCD 20x4),Sí (Display LCD 20x4),Sí (Display LCD 20x4),Sí (Display LCD 20x4),Sí (Display LCD 20x4),Sí (Display LCD 20x4),Sí (Display LCD 20x4),Sí (Display LCD 20x4),Sí (Display LCD 20x4),Sí (Display LCD 20x4),Sí (Display LCD 20x4),Sí (Display LCD 20x4),Sí (Display LCD 20x4),Sí (Display LCD 20x4),Sí (Display LCD 20x4),Sí (Display LCD 20x4),Sí (Display LCD 20x4),Sí (Display LCD 20x4),Sí (Display LCD 20x4),Sí (Display LCD 20x4),Sí (Display LCD 20x4),Sí (Display LCD 20x4)
10.12,Alarmas Discriminadas,,Sí (Display LCD + Modbus),Sí (Display LCD + Modbus),Sí (Display LCD + Modbus),Sí (Display LCD + Modbus),Sí (Display LCD + Modbus),Sí (Display LCD + Modbus),Sí (Display LCD + Modbus),Sí (Display LCD + Modbus),Sí (Display LCD + Modbus),Sí (Display LCD + Modbus),Sí (Display LCD + Modbus),Sí (Display LCD + Modbus),Sí (Display LCD + Modbus),Sí (Display LCD + Modbus),Sí (Display LCD + Modbus),Sí (Display LCD + Modbus),Sí (Display LCD + Modbus),Sí (Display LCD + Modbus),Sí (Display LCD + Modbus),Sí (Display LCD + Modbus),Sí (Display LCD + Modbus),Sí (Display LCD + Modbus),Sí (Display LCD + Modbus),Sí (Display LCD + Modbus),Sí (Display LCD + Modbus),Sí (Display LCD + Modbus),Sí (Display LCD + Modbus)
,,,,,,,,,,,,,,,,,,,,,,,,,,,,,
11,Aparatos de Medida,,,,,,,,,,,,,,,,,,,,,,,,,,,,
11.1,Unidad digital centralizada,-,Sí (Controlador digital integrado),Sí (Controlador digital integrado),Sí (Controlador digital integrado),Sí (Controlador digital integrado),Sí (Controlador digital integrado),Sí (Controlador digital integrado),Sí (Controlador digital integrado),Sí (Controlador digital integrado),Sí (Controlador digital integrado),Sí (Controlador digital integrado),Sí (Controlador digital integrado),Sí (Controlador digital integrado),Sí (Controlador digital integrado),Sí (Controlador digital integrado),Sí (Controlador digital integrado),Sí (Controlador digital integrado),Sí (Controlador digital integrado),Sí (Controlador digital integrado),Sí (Controlador digital integrado),Sí (Controlador digital integrado),Sí (Controlador digital integrado),Sí (Controlador digital integrado),Sí (Controlador digital integrado),Sí (Controlador digital integrado),Sí (Controlador digital integrado),Sí (Controlador digital integrado),Sí (Controlador digital integrado)
11.2,Protocolo de comunicación,-,Modbus RTU,Modbus RTU,Modbus RTU,Modbus RTU,Modbus RTU,Modbus RTU,Modbus RTU,Modbus RTU,Modbus RTU,Modbus RTU,Modbus RTU,Modbus RTU,Modbus RTU,Modbus RTU,Modbus RTU,Modbus RTU,Modbus RTU,Modbus RTU,Modbus RTU,Modbus RTU,Modbus RTU,Modbus RTU,Modbus RTU,Modbus RTU,Modbus RTU,Modbus RTU,Modbus RTU
11.3,Puerto de comunicación,-,RS485 (TCP-IP opcional),RS485 (TCP-IP opcional),RS485 (TCP-IP opcional),RS485 (TCP-IP opcional),RS485 (TCP-IP opcional),RS485 (TCP-IP opcional),RS485 (TCP-IP opcional),RS485 (TCP-IP opcional),RS485 (TCP-IP opcional),RS485 (TCP-IP opcional),RS485 (TCP-IP opcional),RS485 (TCP-IP opcional),RS485 (TCP-IP opcional),RS485 (TCP-IP opcional),RS485 (TCP-IP opcional),RS485 (TCP-IP opcional),RS485 (TCP-IP opcional),RS485 (TCP-IP opcional),RS485 (TCP-IP opcional),RS485 (TCP-IP opcional),RS485 (TCP-IP opcional),RS485 (TCP-IP opcional),RS485 (TCP-IP opcional),RS485 (TCP-IP opcional),RS485 (TCP-IP opcional),RS485 (TCP-IP opcional),RS485 (TCP-IP opcional)
11.4,Corrientes de entrada,-,Opcional (medidor primaria),Opcional (medidor primaria),Opcional (medidor primaria),Opcional (medidor primaria),Opcional (medidor primaria),Opcional (medidor primaria),Opcional (medidor primaria),Opcional (medidor primaria),Opcional (medidor primaria),Opcional (medidor primaria),Opcional (medidor primaria),Opcional (medidor primaria),Opcional (medidor primaria),Opcional (medidor primaria),Opcional (medidor primaria),Opcional (medidor primaria),Opcional (medidor primaria),Opcional (medidor primaria),Opcional (medidor primaria),Opcional (medidor primaria),Opcional (medidor primaria),Opcional (medidor primaria),Opcional (medidor primaria),Opcional (medidor primaria),Opcional (medidor primaria),Opcional (medidor primaria),Opcional (medidor primaria)
11.5,Tensiones de entrada,-,Opcional (medidor primaria),Opcional (medidor primaria),Opcional (medidor primaria),Opcional (medidor primaria),Opcional (medidor primaria),Opcional (medidor primaria),Opcional (medidor primaria),Opcional (medidor primaria),Opcional (medidor primaria),Opcional (medidor primaria),Opcional (medidor primaria),Opcional (medidor primaria),Opcional (medidor primaria),Opcional (medidor primaria),Opcional (medidor primaria),Opcional (medidor primaria),Opcional (medidor primaria),Opcional (medidor primaria),Opcional (medidor primaria),Opcional (medidor primaria),Opcional (medidor primaria),Opcional (medidor primaria),Opcional (medidor primaria),Opcional (medidor primaria),Opcional (medidor primaria),Opcional (medidor primaria),Opcional (medidor primaria)
11.6,Corriente salida rectificador,-,Sí (medición digital),Sí (medición digital),Sí (medición digital),Sí (medición digital),Sí (medición digital),Sí (medición digital),Sí (medición digital),Sí (medición digital),Sí (medición digital),Sí (medición digital),Sí (medición digital),Sí (medición digital),Sí (medición digital),Sí (medición digital),Sí (medición digital),Sí (medición digital),Sí (medición digital),Sí (medición digital),Sí (medición digital),Sí (medición digital),Sí (medición digital),Sí (medición digital),Sí (medición digital),Sí (medición digital),Sí (medición digital),Sí (medición digital),Sí (medición digital)
11.7,Corriente de carga a baterías,-,Sí (medición digital),Sí (medición digital),Sí (medición digital),Sí (medición digital),Sí (medición digital),Sí (medición digital),Sí (medición digital),Sí (medición digital),Sí (medición digital),Sí (medición digital),Sí (medición digital),Sí (medición digital),Sí (medición digital),Sí (medición digital),Sí (medición digital),Sí (medición digital),Sí (medición digital),Sí (medición digital),Sí (medición digital),Sí (medición digital),Sí (medición digital),Sí (medición digital),Sí (medición digital),Sí (medición digital),Sí (medición digital),Sí (medición digital),Sí (medición digital)
11.8,Tensión salida rectificador,-,Sí (medición digital),Sí (medición digital),Sí (medición digital),Sí (medición digital),Sí (medición digital),Sí (medición digital),Sí (medición digital),Sí (medición digital),Sí (medición digital),Sí (medición digital),Sí (medición digital),Sí (medición digital),Sí (medición digital),Sí (medición digital),Sí (medición digital),Sí (medición digital),Sí (medición digital),Sí (medición digital),Sí (medición digital),Sí (medición digital),Sí (medición digital),Sí (medición digital),Sí (medición digital),Sí (medición digital),Sí (medición digital),Sí (medición digital),Sí (medición digital)
11.9,Tensión de baterías,-,Sí (medición digital),Sí (medición digital),Sí (medición digital),Sí (medición digital),Sí (medición digital),Sí (medición digital),Sí (medición digital),Sí (medición digital),Sí (medición digital),Sí (medición digital),Sí (medición digital),Sí (medición digital),Sí (medición digital),Sí (medición digital),Sí (medición digital),Sí (medición digital),Sí (medición digital),Sí (medición digital),Sí (medición digital),Sí (medición digital),Sí (medición digital),Sí (medición digital),Sí (medición digital),Sí (medición digital),Sí (medición digital),Sí (medición digital),Sí (medición digital)
11.10,Tensión de consumos,-,Sí (medición digital),Sí (medición digital),Sí (medición digital),Sí (medición digital),Sí (medición digital),Sí (medición digital),Sí (medición digital),Sí (medición digital),Sí (medición digital),Sí (medición digital),Sí (medición digital),Sí (medición digital),Sí (medición digital),Sí (medición digital),Sí (medición digital),Sí (medición digital),Sí (medición digital),Sí (medición digital),Sí (medición digital),Sí (medición digital),Sí (medición digital),Sí (medición digital),Sí (medición digital),Sí (medición digital),Sí (medición digital),Sí (medición digital),Sí (medición digital)
11.11,Corriente de descarga de baterías,-,Sí (medición digital),Sí (medición digital),Sí (medición digital),Sí (medición digital),Sí (medición digital),Sí (medición digital),Sí (medición digital),Sí (medición digital),Sí (medición digital),Sí (medición digital),Sí (medición digital),Sí (medición digital),Sí (medición digital),Sí (medición digital),Sí (medición digital),Sí (medición digital),Sí (medición digital),Sí (medición digital),Sí (medición digital),Sí (medición digital),Sí (medición digital),Sí (medición digital),Sí (medición digital),Sí (medición digital),Sí (medición digital),Sí (medición digital),Sí (medición digital)
,,,,,,,,,,,,,,,,,,,,,,,,,,,,,
12,"Características, Accesorios y Auxiliares",,,,,,,,,,,,,,,,,,,,,,,,,,,,
12.1,"Panel de control (ajuste, configuración, etc)",-,Sí (Display LCD 20x4 + 4 pulsadores),Sí (Display LCD 20x4 + 4 pulsadores),Sí (Display LCD 20x4 + 4 pulsadores),Sí (Display LCD 20x4 + 4 pulsadores),Sí (Display LCD 20x4 + 4 pulsadores),Sí (Display LCD 20x4 + 4 pulsadores),Sí (Display LCD 20x4 + 4 pulsadores),Sí (Display LCD 20x4 + 4 pulsadores),Sí (Display LCD 20x4 + 4 pulsadores),Sí (Display LCD 20x4 + 4 pulsadores),Sí (Display LCD 20x4 + 4 pulsadores),Sí (Display LCD 20x4 + 4 pulsadores),Sí (Display LCD 20x4 + 4 pulsadores),Sí (Display LCD 20x4 + 4 pulsadores),Sí (Display LCD 20x4 + 4 pulsadores),Sí (Display LCD 20x4 + 4 pulsadores),Sí (Display LCD 20x4 + 4 pulsadores),Sí (Display LCD 20x4 + 4 pulsadores),Sí (Display LCD 20x4 + 4 pulsadores),Sí (Display LCD 20x4 + 4 pulsadores),Sí (Display LCD 20x4 + 4 pulsadores),Sí (Display LCD 20x4 + 4 pulsadores),Sí (Display LCD 20x4 + 4 pulsadores),Sí (Display LCD 20x4 + 4 pulsadores),Sí (Display LCD 20x4 + 4 pulsadores),Sí (Display LCD 20x4 + 4 pulsadores),Sí (Display LCD 20x4 + 4 pulsadores)
12.2,Resistencias calefactoras,-,Opcional,Opcional,Opcional,Opcional,Opcional,Opcional,Opcional,Opcional,Opcional,Opcional,Opcional,Opcional,Opcional,Opcional,Opcional,Opcional,Opcional,Opcional,Opcional,Opcional,Opcional,Opcional,Opcional,Opcional,Opcional,Opcional,Opcional
12.2.1,-Tensión de alimentación,Vca,220 (si aplica),220 (si aplica),220 (si aplica),220 (si aplica),220 (si aplica),220 (si aplica),220 (si aplica),220 (si aplica),220 (si aplica),220 (si aplica),220 (si aplica),220 (si aplica),220 (si aplica),220 (si aplica),220 (si aplica),220 (si aplica),220 (si aplica),220 (si aplica),220 (si aplica),220 (si aplica),220 (si aplica),220 (si aplica),220 (si aplica),220 (si aplica),220 (si aplica),220 (si aplica),220 (si aplica)
12.2.2,-Potencia,W,Según necesidad,Según necesidad,Según necesidad,Según necesidad,Según necesidad,Según necesidad,Según necesidad,Según necesidad,Según necesidad,Según necesidad,Según necesidad,Según necesidad,Según necesidad,Según necesidad,Según necesidad,Según necesidad,Según necesidad,Según necesidad,Según necesidad,Según necesidad,Según necesidad,Según necesidad,Según necesidad,Según necesidad,Según necesidad,Según necesidad,Según necesidad
12.2.3,-Llave termomagnética independiente - Alimentación interna / externa,-,Interna (si aplica),Interna (si aplica),Interna (si aplica),Interna (si aplica),Interna (si aplica),Interna (si aplica),Interna (si aplica),Interna (si aplica),Interna (si aplica),Interna (si aplica),Interna (si aplica),Interna (si aplica),Interna (si aplica),Interna (si aplica),Interna (si aplica),Interna (si aplica),Interna (si aplica),Interna (si aplica),Interna (si aplica),Interna (si aplica),Interna (si aplica),Interna (si aplica),Interna (si aplica),Interna (si aplica),Interna (si aplica),Interna (si aplica),Interna (si aplica)
12.3,Cables de potencia y auxiliares,-,Incluidos según norma,Incluidos según norma,Incluidos según norma,Incluidos según norma,Incluidos según norma,Incluidos según norma,Incluidos según norma,Incluidos según norma,Incluidos según norma,Incluidos según norma,Incluidos según norma,Incluidos según norma,Incluidos según norma,Incluidos según norma,Incluidos según norma,Incluidos según norma,Incluidos según norma,Incluidos según norma,Incluidos según norma,Incluidos según norma,Incluidos según norma,Incluidos según norma,Incluidos según norma,Incluidos según norma,Incluidos según norma,Incluidos según norma,Incluidos según norma
12.3.1,-Tensión de aislación,-,750V - 1000V,750V - 1000V,750V - 1000V,750V - 1000V,750V - 1000V,750V - 1000V,750V - 1000V,750V - 1000V,750V - 1000V,750V - 1000V,750V - 1000V,750V - 1000V,750V - 1000V,750V - 1000V,750V - 1000V,750V - 1000V,750V - 1000V,750V - 1000V,750V - 1000V,750V - 1000V,750V - 1000V,750V - 1000V,750V - 1000V,750V - 1000V,750V - 1000V,750V - 1000V,750V - 1000V
12.3.2,-Material,-,Cobre,Cobre,Cobre,Cobre,Cobre,Cobre,Cobre,Cobre,Cobre,Cobre,Cobre,Cobre,Cobre,Cobre,Cobre,Cobre,Cobre,Cobre,Cobre,Cobre,Cobre,Cobre,Cobre,Cobre,Cobre,Cobre,Cobre
12.3.3,-Baja emisión de halógenos,-,Sí,Sí,Sí,Sí,Sí,Sí,Sí,Sí,Sí,Sí,Sí,Sí,Sí,Sí,Sí,Sí,Sí,Sí,Sí,Sí,Sí,Sí,Sí,Sí,Sí,Sí,Sí
12.4,Bornes de reserva,-,Sí,Sí,Sí,Sí,Sí,Sí,Sí,Sí,Sí,Sí,Sí,Sí,Sí,Sí,Sí,Sí,Sí,Sí,Sí,Sí,Sí,Sí,Sí,Sí,Sí,Sí,Sí
12.5,Nivel de ruido a 1 metro y 100% de carga,dB,<60,<60,<60,<60,<60,<60,<60,<60,<60,<60,<60,<60,<60,<60,<60,<60,<60,<60,<60,<60,<60,<60,<60,<60,<60,<60,<60
12.6,Placas de identificación,-,Sí,Sí,Sí,Sí,Sí,Sí,Sí,Sí,Sí,Sí,Sí,Sí,Sí,Sí,Sí,Sí,Sí,Sí,Sí,Sí,Sí,Sí,Sí,Sí,Sí,Sí,Sí
12.7,Chapa de características,-,Sí,Sí,Sí,Sí,Sí,Sí,Sí,Sí,Sí,Sí,Sí,Sí,Sí,Sí,Sí,Sí,Sí,Sí,Sí,Sí,Sí,Sí,Sí,Sí,Sí,Sí,Sí
,,,,,,,,,,,,,,,,,,,,,,,,,,,,,
13,Inspecciones y Ensayos de rutina,,,,,,,,,,,,,,,,,,,,,,,,,,,,
13.1,Medida de la resistencia de aislación,-,Sí (>500 MΩ),Sí (>500 MΩ),Sí (>500 MΩ),Sí (>500 MΩ),Sí (>500 MΩ),Sí (>500 MΩ),Sí (>500 MΩ),Sí (>500 MΩ),Sí (>500 MΩ),Sí (>500 MΩ),Sí (>500 MΩ),Sí (>500 MΩ),Sí (>500 MΩ),Sí (>500 MΩ),Sí (>500 MΩ),Sí (>500 MΩ),Sí (>500 MΩ),Sí (>500 MΩ),Sí (>500 MΩ),Sí (>500 MΩ),Sí (>500 MΩ),Sí (>500 MΩ),Sí (>500 MΩ),Sí (>500 MΩ),Sí (>500 MΩ),Sí (>500 MΩ),Sí (>500 MΩ)
13.2,"Ensayo dieléctrico (a los circuitos de potencia se les aplica una tensión de 2.500V, y a los circuitos de control y auxiliares una tensión de 2.000V, exceptuando los circuitos electrónicos)",-,Sí,Sí,Sí,Sí,Sí,Sí,Sí,Sí,Sí,Sí,Sí,Sí,Sí,Sí,Sí,Sí,Sí,Sí,Sí,Sí,Sí,Sí,Sí,Sí,Sí,Sí,Sí
13.3,Medida de resistencia de aislación después del ensayo anterior,-,Sí,Sí,Sí,Sí,Sí,Sí,Sí,Sí,Sí,Sí,Sí,Sí,Sí,Sí,Sí,Sí,Sí,Sí,Sí,Sí,Sí,Sí,Sí,Sí,Sí,Sí,Sí
13.4,Funcionamiento de los elementos mecánicos y efectividad de los enclavamientos,-,Sí,Sí,Sí,Sí,Sí,Sí,Sí,Sí,Sí,Sí,Sí,Sí,Sí,Sí,Sí,Sí,Sí,Sí,Sí,Sí,Sí,Sí,Sí,Sí,Sí,Sí,Sí
13.5,Medida de la tolerancia de la tensión de salida,-,Sí,Sí,Sí,Sí,Sí,Sí,Sí,Sí,Sí,Sí,Sí,Sí,Sí,Sí,Sí,Sí,Sí,Sí,Sí,Sí,Sí,Sí,Sí,Sí,Sí,Sí,Sí
13.6,Comprobación del nivel de rizado,-,Sí,Sí,Sí,Sí,Sí,Sí,Sí,Sí,Sí,Sí,Sí,Sí,Sí,Sí,Sí,Sí,Sí,Sí,Sí,Sí,Sí,Sí,Sí,Sí,Sí,Sí,Sí
13.7,"Ensayo eléctrico de verificación de los valores de salida en diferentes condiciones de carga y el correcto funcionamiento de todos los circuitos de control, enclavamiento, señalización y protección",-,Sí,Sí,Sí,Sí,Sí,Sí,Sí,Sí,Sí,Sí,Sí,Sí,Sí,Sí,Sí,Sí,Sí,Sí,Sí,Sí,Sí,Sí,Sí,Sí,Sí,Sí,Sí
13.8,"Verificación de que las tensiones de flotación, carga rápida y carga excepcional coinciden con lo indicado en la oferta",-,Sí,Sí,Sí,Sí,Sí,Sí,Sí,Sí,Sí,Sí,Sí,Sí,Sí,Sí,Sí,Sí,Sí,Sí,Sí,Sí,Sí,Sí,Sí,Sí,Sí,Sí,Sí
13.9,Comprobación de que la tensión en la salida del cargador no varía para los límites de la tensión de alimentación especificados,-,Sí,Sí,Sí,Sí,Sí,Sí,Sí,Sí,Sí,Sí,Sí,Sí,Sí,Sí,Sí,Sí,Sí,Sí,Sí,Sí,Sí,Sí,Sí,Sí,Sí,Sí,Sí
13.10,Ídem al variar la carga de 0 al 100%,-,Sí,Sí,Sí,Sí,Sí,Sí,Sí,Sí,Sí,Sí,Sí,Sí,Sí,Sí,Sí,Sí,Sí,Sí,Sí,Sí,Sí,Sí,Sí,Sí,Sí,Sí,Sí
13.11,Verificación de la carga de la batería,-,Sí,Sí,Sí,Sí,Sí,Sí,Sí,Sí,Sí,Sí,Sí,Sí,Sí,Sí,Sí,Sí,Sí,Sí,Sí,Sí,Sí,Sí,Sí,Sí,Sí,Sí,Sí
13.12,Medida del contenido de armónicos en la alimentación,-,Disponible,Disponible,Disponible,Disponible,Disponible,Disponible,Disponible,Disponible,Disponible,Disponible,Disponible,Disponible,Disponible,Disponible,Disponible,Disponible,Disponible,Disponible,Disponible,Disponible,Disponible,Disponible,Disponible,Disponible,Disponible,Disponible,Disponible
13.13,"Ensayo a plena carga (hasta alcanzar un comportamiento estable, al menos de 48 horas)",-,Sí,Sí,Sí,Sí,Sí,Sí,Sí,Sí,Sí,Sí,Sí,Sí,Sí,Sí,Sí,Sí,Sí,Sí,Sí,Sí,Sí,Sí,Sí,Sí,Sí,Sí,Sí
13.14,Ensayo de rendimiento,-,Sí (≥85%),Sí (≥85%),Sí (≥85%),Sí (≥85%),Sí (≥85%),Sí (≥85%),Sí (≥85%),Sí (≥85%),Sí (≥85%),Sí (≥85%),Sí (≥85%),Sí (≥85%),Sí (≥85%),Sí (≥85%),Sí (≥85%),Sí (≥85%),Sí (≥85%),Sí (≥85%),Sí (≥85%),Sí (≥85%),Sí (≥85%),Sí (≥85%),Sí (≥85%),Sí (≥85%),Sí (≥85%),Sí (≥85%),Sí (≥85%)
13.15,Ensayo de reparto de intensidades (para cargadores en paralelo),-,N/A (unidad simple),N/A (unidad simple),N/A (unidad simple),N/A (unidad simple),N/A (unidad simple),N/A (unidad simple),N/A (unidad simple),N/A (unidad simple),N/A (unidad simple),N/A (unidad simple),N/A (unidad simple),N/A (unidad simple),N/A (unidad simple),N/A (unidad simple),N/A (unidad simple),N/A (unidad simple),N/A (unidad simple),N/A (unidad simple),N/A (unidad simple),N/A (unidad simple),N/A (unidad simple),N/A (unidad simple),N/A (unidad simple),N/A (unidad simple),N/A (unidad simple),N/A (unidad simple),N/A (unidad simple)
13.16,Prueba de señalización y alarma,-,Sí,Sí,Sí,Sí,Sí,Sí,Sí,Sí,Sí,Sí,Sí,Sí,Sí,Sí,Sí,Sí,Sí,Sí,Sí,Sí,Sí,Sí,Sí,Sí,Sí,Sí,Sí
13.17,Prueba funcional en todas las condiciones de operación posibles,-,Sí,Sí,Sí,Sí,Sí,Sí,Sí,Sí,Sí,Sí,Sí,Sí,Sí,Sí,Sí,Sí,Sí,Sí,Sí,Sí,Sí,Sí,Sí,Sí,Sí,Sí,Sí
13.18,Prueba de capacidad de suministro de corriente de cortocircuito suficiente para apertura de mayor interruptor de salida,-,Sí,Sí,Sí,Sí,Sí,Sí,Sí,Sí,Sí,Sí,Sí,Sí,Sí,Sí,Sí,Sí,Sí,Sí,Sí,Sí,Sí,Sí,Sí,Sí,Sí,Sí,Sí
,,,,,,,,,,,,,,,,,,,,,,,,,,,,,
14,Garantía,meses,12,12,12,12,12,12,12,12,12,12,12,12,12,12,12,12,12,12,12,12,12,12,12,12,12,12,12